{
  "horizons": [
    1,
    5,
    10,
    25,
    50
  ],
  "nt_onset_frac": 0.75,
  "n_bins": 15,
  "by_horizon": {
    "H1": {
      "n_samples": 4118680,
      "positive_rate": 0.001266,
      "brier": 0.039688,
      "ece": 0.1038,
      "reliability": {
        "mean_predicted": [
          0.016464,
          0.096118,
          0.163682,
          0.231312,
          0.296941,
          0.364416,
          0.431166,
          0.498232,
          0.565148,
          0.632248,
          0.699229,
          0.767006,
          0.834099,
          0.900785,
          0.957889
        ],
        "fraction_positive": [
          0.000101,
          0.000417,
          0.000649,
          0.004009,
          0.006658,
          0.002698,
          0.003783,
          0.004652,
          0.006346,
          0.007342,
          0.010571,
          0.014094,
          0.018989,
          0.022719,
          0.017996
        ],
        "bin_counts": [
          2523980,
          595074,
          322253,
          204065,
          133066,
          85250,
          57356,
          39986,
          29468,
          23290,
          19772,
          19583,
          21697,
          26058,
          17782
        ],
        "bin_edges": [
          0.0,
          0.066667,
          0.133333,
          0.2,
          0.266667,
          0.333333,
          0.4,
          0.466667,
          0.533333,
          0.6,
          0.666667,
          0.733333,
          0.8,
          0.866667,
          0.933333,
          1.0
        ]
      }
    },
    "H5": {
      "n_samples": 4118680,
      "positive_rate": 0.005086,
      "brier": 0.042415,
      "ece": 0.1058,
      "reliability": {
        "mean_predicted": [
          0.017089,
          0.096223,
          0.163739,
          0.231423,
          0.297084,
          0.36447,
          0.431172,
          0.498324,
          0.565292,
          0.63215,
          0.699527,
          0.767016,
          0.834401,
          0.900405,
          0.957739
        ],
        "fraction_positive": [
          0.00047,
          0.002166,
          0.00396,
          0.008629,
          0.013302,
          0.012161,
          0.014773,
          0.019902,
          0.026729,
          0.033033,
          0.047685,
          0.058772,
          0.087766,
          0.098947,
          0.082138
        ],
        "bin_counts": [
          2455212,
          613544,
          334325,
          211371,
          138854,
          89303,
          60718,
          42057,
          31277,
          24975,
          21810,
          21830,
          24816,
          29632,
          18956
        ],
        "bin_edges": [
          0.0,
          0.066667,
          0.133333,
          0.2,
          0.266667,
          0.333333,
          0.4,
          0.466667,
          0.533333,
          0.6,
          0.666667,
          0.733333,
          0.8,
          0.866667,
          0.933333,
          1.0
        ]
      }
    },
    "H10": {
      "n_samples": 4118680,
      "positive_rate": 0.009826,
      "brier": 0.045881,
      "ece": 0.1081,
      "reliability": {
        "mean_predicted": [
          0.017873,
          0.096241,
          0.163768,
          0.231371,
          0.297229,
          0.364551,
          0.431322,
          0.498032,
          0.565314,
          0.632324,
          0.699688,
          0.767002,
          0.834332,
          0.900113,
          0.957701
        ],
        "fraction_positive": [
          0.000868,
          0.003993,
          0.007325,
          0.013796,
          0.021626,
          0.024456,
          0.032594,
          0.042095,
          0.052499,
          0.069145,
          0.086422,
          0.105134,
          0.143238,
          0.162383,
          0.141397
        ],
        "bin_counts": [
          2383222,
          627339,
          341980,
          218825,
          145751,
          95929,
          65473,
          46229,
          34629,
          28057,
          25040,
          24540,
          28847,
          32953,
          19866
        ],
        "bin_edges": [
          0.0,
          0.066667,
          0.133333,
          0.2,
          0.266667,
          0.333333,
          0.4,
          0.466667,
          0.533333,
          0.6,
          0.666667,
          0.733333,
          0.8,
          0.866667,
          0.933333,
          1.0
        ]
      }
    },
    "H25": {
      "n_samples": 4118680,
      "positive_rate": 0.023888,
      "brier": 0.054772,
      "ece": 0.1132,
      "reliability": {
        "mean_predicted": [
          0.020275,
          0.09655,
          0.163858,
          0.231414,
          0.297288,
          0.364832,
          0.431401,
          0.498431,
          0.565338,
          0.632784,
          0.699782,
          0.767439,
          0.834312,
          0.898911,
          0.957574
        ],
        "fraction_positive": [
          0.002016,
          0.008651,
          0.016307,
          0.027663,
          0.038842,
          0.051398,
          0.06694,
          0.088245,
          0.112587,
          0.14655,
          0.172878,
          0.211763,
          0.271726,
          0.301152,
          0.284254
        ],
        "bin_counts": [
          2178976,
          670473,
          377017,
          243029,
          158824,
          106269,
          75799,
          55414,
          42234,
          35510,
          33301,
          34907,
          40964,
          43659,
          22304
        ],
        "bin_edges": [
          0.0,
          0.066667,
          0.133333,
          0.2,
          0.266667,
          0.333333,
          0.4,
          0.466667,
          0.533333,
          0.6,
          0.666667,
          0.733333,
          0.8,
          0.866667,
          0.933333,
          1.0
        ]
      }
    },
    "H50": {
      "n_samples": 4118680,
      "positive_rate": 0.047015,
      "brier": 0.069391,
      "ece": 0.121,
      "reliability": {
        "mean_predicted": [
          0.024156,
          0.097364,
          0.163803,
          0.231243,
          0.297543,
          0.364787,
          0.431848,
          0.498847,
          0.565856,
          0.63275,
          0.700301,
          0.767212,
          0.833732,
          0.897944,
          0.957945
        ],
        "fraction_positive": [
          0.004139,
          0.017315,
          0.028728,
          0.04573,
          0.063667,
          0.08213,
          0.109973,
          0.137491,
          0.176053,
          0.221839,
          0.262779,
          0.320455,
          0.372863,
          0.40433,
          0.431618
        ],
        "bin_counts": [
          1782719,
          783147,
          457749,
          292937,
          178460,
          119311,
          87249,
          68761,
          57085,
          50505,
          49319,
          53655,
          59027,
          53669,
          25087
        ],
        "bin_edges": [
          0.0,
          0.066667,
          0.133333,
          0.2,
          0.266667,
          0.333333,
          0.4,
          0.466667,
          0.533333,
          0.6,
          0.666667,
          0.733333,
          0.8,
          0.866667,
          0.933333,
          1.0
        ]
      }
    }
  }
}